state,population,I_reported,series_length,best_cost,beta,gamma,initial_I,S,I,R,Nw
BR,217026005,2990,31,185.7171766315957,0.4108879930983111,0.16666666666666666,4.1690987815959295e-09,217022466.73221183,2103.4111429739387,1434.8566452175442,3537.362985338463
