state,population,I_reported,series_length,best_cost,beta,gamma,initial_I,S,I,R,Nw
RS,11377239,468,27,67.02021276494727,0.28915789961032756,0.16666666666666666,7.547248862427655e-07,11376694.861889862,235.44602142818368,308.69208870843005,535.5514247265819
