state,population,I_reported,series_length,best_cost,beta,gamma,initial_I,S,I,R,Nw
RS,11377239,468,27,67.02020968719981,0.28915725885698645,0.16666666666666666,7.547307927486781e-07,11376694.865656283,235.44378072207124,308.690562992074,535.5475911043843
