state,population,I_reported,series_length,best_cost,beta,gamma,initial_I,S,I,R,Nw
ES,4018650,194,31,17.60076173957039,0.3180224515032227,0.16666666666666666,2.2652390117220707e-07,4018440.6608767468,100.10454097409016,109.23458228037099,208.42880297901544
