state,population,I_reported,series_length,best_cost,beta,gamma,initial_I,S,I,R,Nw
ES,4018650,194,31,17.60073682255609,0.3179638839190443,0.16666666666666666,2.2683253922253983e-07,4018440.7162304586,100.05873304672538,109.22503649462864,208.37220895760737
