ibgeID,city,state,population,I_reported,series_length,best_cost,beta,gamma,initial_I,S,I,R,Nw
1302603,Manaus,AM,2094391,379,24,25.519432204281856,0.34208544261146784,0.16666666666666666,1.358066474825318e-06,2094018.396852441,192.43759718280717,180.16555037625378,369.75882535678505
