state,population,I_reported,series_length,best_cost,beta,gamma,initial_I,S,I,R,Nw
PE,9557071,201,25,14.337104205127623,0.26022432128996276,0.16666666666666666,6.854288645880586e-07,9556893.074590223,68.16344451005017,109.76196527037821,171.37471745611091
