state,population,I_reported,series_length,best_cost,beta,gamma,initial_I,S,I,R,Nw
PE,9557071,201,25,14.33712066419449,0.2602591240588784,0.16666666666666666,6.850422896973589e-07,9556893.050378589,68.1844628516343,109.76515856033575,171.40262361132983
