state,population,I_reported,series_length,best_cost,beta,gamma,initial_I,S,I,R,Nw
RS,11377239,190,17,6.815657484139229,0.42607002852631,0.16666666666666666,1.2905988761762242e-07,11377034.004592825,125.38058824970362,79.61481892309871,203.5270619860635
