state,population,I_reported,series_length,best_cost,beta,gamma,initial_I,S,I,R,Nw
CE,9132078,237,11,30.693459966086582,0.4400164533494654,0.16666666666666666,1.0950410191415357e-06,9131756.609286642,203.44193289829002,117.94878046058729,311.39071335887724
