ibgeID,city,state,population,I_reported,series_length,best_cost,beta,gamma,initial_I,S,I,R,Nw
3106200,Belo Horizonte,MG,2513451,96,11,6.117987562732672,0.3803371051746585,0.16666666666666666,2.638165848513538e-06,2513332.0381161487,69.73633822460428,49.225545626644326,112.3309832611364
