ibgeID,city,state,population,I_reported,series_length,best_cost,beta,gamma,initial_I,S,I,R,Nw
3548708,São Bernardo do Campo,SP,822242,81,21,8.241174836535421,0.3497123655448492,0.16666666666666666,1.3115900625315236e-06,822146.2793819447,50.61318164853123,45.10743640697206,94.64217361930723
