state,population,I_reported,series_length,best_cost,beta,gamma,initial_I,S,I,R,Nw
MG,21168791,153,19,22.940307807408544,0.42707186563469074,0.16666666666666666,3.823383486081683e-08,21168594.088625524,120.38134243923832,76.53003203688121,196.10201041682237
