ibgeID,city,state,population,I_reported,series_length,best_cost,beta,gamma,initial_I,S,I,R,Nw
4106902,Curitiba,PR,1893997,172,25,16.74317152722386,0.2552685216476254,0.16666666666666666,3.5422687974394887e-06,1893832.4009165654,61.50685775027572,103.09222568434659,157.89003695907826
