state,population,I_reported,series_length,best_cost,beta,gamma,initial_I,S,I,R,Nw
RN,3506853,246,25,20.297501651732716,0.38515519623640665,0.16666666666666666,1.7001633638140044e-07,3506597.413320737,145.2416263537663,110.34505290925466,254.99045696373278
