state,population,I_reported,series_length,best_cost,beta,gamma,initial_I,S,I,R,Nw
RN,3506853,246,25,20.298012079647258,0.3853770318854935,0.16666666666666666,1.6927035929988316e-07,3506597.21396212,145.41714753579976,110.36889034505977,255.19243161353765
