ibgeID,city,state,population,I_reported,series_length,best_cost,beta,gamma,initial_I,S,I,R,Nw
5300108,Brasília,DF,2977216,468,30,114.0990335798714,0.2757650987605819,0.16666666666666666,2.9717281721161117e-06,2976638.332821758,233.8504637747808,343.81671446709424,568.8197015802002
