state,population,I_reported,series_length,best_cost,beta,gamma,initial_I,S,I,R,Nw
SC,7164788,379,25,47.73671990300867,0.28368588279732043,0.16666666666666666,1.3957147092140056e-06,7164348.995118898,186.9547314491136,252.05014965560315,429.00488110471684
