state,population,I_reported,series_length,best_cost,beta,gamma,initial_I,S,I,R,Nw
SC,7164788,379,25,47.73671990300889,0.2836858826638266,0.16666666666666666,1.3957147092140024e-06,7164348.995120121,186.95473082472276,252.05014905373164,429.0048798784546
