state,population,I_reported,series_length,best_cost,beta,gamma,initial_I,S,I,R,Nw
DF,3015268,201,20,28.643277749429462,0.3933659160989602,0.16666666666666666,5.18169828557539e-07,3015014.5527031724,146.72072043430737,106.72657639301806,251.88487592471037
