ibgeID,city,state,population,I_reported,series_length,best_cost,beta,gamma,initial_I,S,I,R,Nw
3550308,São Paulo,SP,12038175,899,31,138.73309052986633,0.3688322844152109,0.16666666666666666,6.704176133779293e-08,12037361.499161642,446.2510747762941,367.2497635790138,812.6937779000153
