ibgeID,city,state,population,I_reported,series_length,best_cost,beta,gamma,initial_I,S,I,R,Nw
3550308,São Paulo,SP,12038175,3612,41,320.1417220347738,0.34300958513770635,0.16666666666666666,1.276436298000984e-07,12033890.941639464,2202.8311348117613,2081.2272257242184,4282.52176418281
