ibgeID,city,state,population,I_reported,series_length,best_cost,beta,gamma,initial_I,S,I,R,Nw
2927408,Salvador,BA,2938092,244,24,5.392499641142899,0.2940540654569543,0.16666666666666666,1.8225469028813022e-06,2937835.4039295707,114.18886034718051,142.40721008242352,251.24125995462362
