ibgeID,city,state,population,I_reported,series_length,best_cost,beta,gamma,initial_I,S,I,R,Nw
2111300,São Luís,MA,1082935,121,17,8.620212360469552,0.36999831125126487,0.16666666666666666,2.066778820089481e-06,1082807.2235779462,71.22400132206845,56.55242073172643,125.5382349322613
