ibgeID,city,state,population,I_reported,series_length,best_cost,beta,gamma,initial_I,S,I,R,Nw
2304400,Fortaleza,CE,2609716,224,11,24.85528551610605,0.43142633207954706,0.16666666666666666,3.831834575103191e-06,2609421.77209502,184.41984273324843,109.80806224760234,284.2279049808507
