state,population,I_reported,series_length,best_cost,beta,gamma,initial_I,S,I,R,Nw
BR,217026005,11424,41,1103.3451499711787,0.32812541402764916,0.16666666666666666,3.679343612914402e-08,217013140.43420768,6334.052486255011,6530.513306087349,12856.580659889027
