state,population,I_reported,series_length,best_cost,beta,gamma,initial_I,S,I,R,Nw
BR,217026005,11424,41,1103.0264080027305,0.3284166022815771,0.16666666666666666,3.6400757883238505e-08,217013134.96733898,6342.491821053901,6527.5408399711605,12862.13274996269
