state,population,I_reported,series_length,best_cost,beta,gamma,initial_I,S,I,R,Nw
AM,4144597,417,24,26.500493586400836,0.3469759840711458,0.16666666666666666,6.863960651146367e-07,4144182.5023332154,216.75408050250746,197.74358628294226,411.6528317131639
