state,population,I_reported,series_length,best_cost,beta,gamma,initial_I,S,I,R,Nw
AM,4144597,417,24,26.500475706728107,0.3469450303797387,0.16666666666666666,6.86773837469534e-07,4144182.5512335477,216.71178333457527,197.73698311792037,411.60236566604095
