state,population,I_reported,series_length,best_cost,beta,gamma,initial_I,S,I,R,Nw
SP,45919049,1053,31,78.66732084097647,0.3807819175786778,0.16666666666666666,1.844826992421837e-08,45917820.178930596,691.3347071197528,537.4863622911105,1227.9739424002478
