state,population,I_reported,series_length,best_cost,beta,gamma,initial_I,S,I,R,Nw
CE,9132078,963,21,383.8402965998444,0.36445838973735434,0.16666666666666666,1.0950410191415357e-06,9130906.808770332,640.144496948659,531.0467327183102,1161.191229666969
