state,population,I_reported,series_length,best_cost,beta,gamma,initial_I,S,I,R,Nw
CE,9132078,963,21,383.84029659984384,0.3644583900366602,0.16666666666666666,1.0950410191415357e-06,9130906.808763705,640.1445009805075,531.0467353128145,1161.1912362933217
