ibgeID,city,state,population,I_reported,series_length,best_cost,beta,gamma,initial_I,S,I,R,Nw
2304400,Fortaleza,CE,2609716,869,21,332.5375001079381,0.35947125269805397,0.16666666666666666,3.831834575103191e-06,2608653.6432897616,574.3375027396104,488.0192074992356,1052.3567102388458
