state,population,I_reported,series_length,best_cost,beta,gamma,initial_I,S,I,R,Nw
PA,8602865,86,19,2.5848992841390017,0.36670145873084653,0.16666666666666666,1.35093080740669e-07,8602767.237049442,53.85742187329015,43.90552868216766,96.60076301941174
