state,population,I_reported,series_length,best_cost,beta,gamma,initial_I,S,I,R,Nw
PR,11433957,445,25,15.897638087716025,0.3061920350577396,0.16666666666666666,5.374485595543371e-07,11433520.748679638,202.13106252275205,234.1202578438316,430.10615664692733
