state,population,I_reported,series_length,best_cost,beta,gamma,initial_I,S,I,R,Nw
DF,3015268,468,30,114.09830046011693,0.2757643279384059,0.16666666666666666,2.934227304331752e-06,3014690.333762489,233.8495618568432,343.8166756539588,568.8187558153243
