state,population,I_reported,series_length,best_cost,beta,gamma,initial_I,S,I,R,Nw
GO,7018354,115,25,3.1086233669025636,0.2505233580982024,0.16666666666666666,7.376898029683448e-07,7018238.054795805,42.25360066324823,73.69160352977141,110.76783601359756
