ibgeID,city,state,population,I_reported,series_length,best_cost,beta,gamma,initial_I,S,I,R,Nw
3106200,Belo Horizonte,MG,2513451,262,21,54.44631448055168,0.2977105522650374,0.16666666666666666,3.9785935751283784e-06,2513107.056055732,156.97960280422333,186.96434146324273,333.9439442674662
