ibgeID,city,state,population,I_reported,series_length,best_cost,beta,gamma,initial_I,S,I,R,Nw
4314902,Porto Alegre,RS,1481019,103,16,5.777173219016591,0.40904742596620564,0.16666666666666666,8.529151581673345e-07,1480916.0913274747,61.491679885139234,41.41699264034969,101.64548897085514
