state,population,I_reported,series_length,best_cost,beta,gamma,initial_I,S,I,R,Nw
MA,7075181,132,17,7.8491707836495905,0.38163458801724764,0.16666666666666666,2.849332877433867e-07,7075043.085249097,78.56471516083943,59.35003574303107,135.89879632016095
