state,population,I_reported,series_length,best_cost,beta,gamma,initial_I,S,I,R,Nw
MA,7075181,132,17,7.84917381437769,0.38162308193907357,0.16666666666666666,2.8491693964650716e-07,7075043.117307592,78.54481793967483,59.33787446742548,135.86685348913517
