ibgeID,city,state,population,I_reported,series_length,best_cost,beta,gamma,initial_I,S,I,R,Nw
3304557,Rio de Janeiro,RJ,6498837,1068,31,190.70758511986475,0.30564209845166296,0.16666666666666666,1.1644098618734323e-06,6497604.626268154,564.4227633314496,667.9509685132097,1224.8064219511512
