ibgeID,city,state,population,I_reported,series_length,best_cost,beta,gamma,initial_I,S,I,R,Nw
3518701,Guarujá,SP,313421,175,32,24.31870333216875,0.29046725995424194,0.16666666666666666,5.363062402703844e-06,313216.0226199954,88.2897482785432,116.68763172602605,203.2964836232514
