ibgeID,city,state,population,I_reported,series_length,best_cost,beta,gamma,initial_I,S,I,R,Nw
2408102,Natal,RN,877662,113,25,7.056058903412155,0.34979863552585055,0.16666666666666666,6.575940941893027e-07,877554.5478471165,56.526848527497606,50.925304356158456,106.87500753576171
