state,population,I_reported,series_length,best_cost,beta,gamma,initial_I,S,I,R,Nw
RJ,17264943,421,22,10.996828790121233,0.41429951709882396,0.16666666666666666,6.573866720790634e-08,17264480.525768593,276.8816492166952,185.5925821913189,461.33925706577367
