ibgeID,city,state,population,I_reported,series_length,best_cost,beta,gamma,initial_I,S,I,R,Nw
4314902,Porto Alegre,RS,1481019,254,26,35.72118518070294,0.29255348491505706,0.16666666666666666,3.5389523724532286e-06,1480703.8908445705,138.5593822044327,176.54977322501534,309.86789972574985
