state,population,I_reported,series_length,best_cost,beta,gamma,initial_I,S,I,R,Nw
BA,14873064,401,31,16.1637627534396,0.3109652176957241,0.16666666666666666,1.449713194817908e-07,14872645.243601017,195.469805504086,223.28659347886276,416.6002312701317
