state,population,I_reported,series_length,best_cost,beta,gamma,initial_I,S,I,R,Nw
SC,7164788,149,15,7.908418297987373,0.40742016640907475,0.16666666666666666,3.7483521397707435e-07,7164620.094635345,100.31676894333457,67.58859570994788,165.21974981020207
