ibgeID,city,state,population,I_reported,series_length,best_cost,beta,gamma,initial_I,S,I,R,Nw
3304557,Rio de Janeiro,RJ,6498837,368,21,20.810106841450562,0.4362727735834207,0.16666666666666666,1.351062912647978e-07,6498412.965450971,262.3732916334638,161.66125739656087,423.1565152654203
