ibgeID,city,state,population,I_reported,series_length,best_cost,beta,gamma,initial_I,S,I,R,Nw
3303302,Niterói,RJ,497883,87,25,9.696035547340689,0.29350037510043436,0.16666666666666666,3.6448581534954734e-06,497785.1444844328,43.31246037241634,54.543055194730094,96.04080265510967
