ibgeID,city,state,population,I_reported,series_length,best_cost,beta,gamma,initial_I,S,I,R,Nw
4205407,Florianópolis,SC,477798,94,25,4.219832697514696,0.3031997547142149,0.16666666666666666,3.3377006619011228e-06,477692.18444086687,48.5196889774185,57.29587015563066,104.22081243219412
