state,population,I_reported,series_length,best_cost,beta,gamma,initial_I,S,I,R,Nw
RJ,17264943,1394,32,149.2437011766322,0.3148236075202628,0.16666666666666666,3.673875396422965e-07,17263395.24644566,731.6984940783525,816.0550602664961,1541.410629414014
