state,population,I_reported,series_length,best_cost,beta,gamma,initial_I,S,I,R,Nw
MG,21168791,498,29,78.70538168065835,0.2987914979816072,0.16666666666666666,2.5065679737326923e-07,21168240.114232875,246.55598296495003,304.329784161298,545.579665769924
