state,population,I_reported,series_length,best_cost,beta,gamma,initial_I,S,I,R,Nw
MG,21168791,498,29,78.70462250145408,0.29863806326950215,0.16666666666666666,2.5133018645615546e-07,21168240.765867107,246.11962458376894,304.11450830425287,544.9137766989405
