state,population,I_reported,series_length,best_cost,beta,gamma,initial_I,S,I,R,Nw
SP,45919049,4620,41,320.06051005327583,0.33601508724487156,0.16666666666666666,5.390116350476521e-08,45913699.382625304,2697.228939709849,2652.388435003075,5347.1422845447905
