ibgeID,city,state,population,I_reported,series_length,best_cost,beta,gamma,initial_I,S,I,R,Nw
2611606,Recife,PE,1625583,139,25,10.81231305135908,0.25942248925280575,0.16666666666666666,2.792398942660868e-06,1625461.92305374,46.20410183086778,74.87284442886234,116.53767000932264
