state,population,I_reported,series_length,best_cost,beta,gamma,initial_I,S,I,R,Nw
BA,14873064,108,21,3.796103423464006,0.366304212597364,0.16666666666666666,6.15010877984472e-08,14872948.444968892,63.39402366610306,52.16100744181914,114.64032149302629
