ibgeID,city,state,population,I_reported,series_length,best_cost,beta,gamma,initial_I,S,I,R,Nw
5300108,Brasília,DF,2977216,201,20,28.64343335708899,0.3933764605959771,0.16666666666666666,5.247257099343244e-07,2976962.5443134587,146.7282740701488,106.72741247206048,251.89346476298147
