state,population,I_reported,series_length,best_cost,beta,gamma,initial_I,S,I,R,Nw
PR,11433957,106,15,8.217839751968324,0.34054075304932424,0.16666666666666666,3.8596787661795186e-07,11433843.227078244,60.250027843955934,53.5228939083113,109.35978164763624
